Job Title,Company Name,Company Location,Days Posted Ago
Data Analyst,Cannon Sports,"Pacoima, CA",0
Operations Data Analyst,Good Day Farm,"Hot Springs Village, AR",3
Data Analyst + Apprentice (Entry-Level),New Apprenticeship,"Raleigh, NC  Northwest Raleigh area",4
Data Entry Analyst,Mid Valley Disposal,"Kerman, CA",2
Data Analyst,CarPartscom,"Grand Prairie, TX",3
Public Health Data Analyst,Central Jersey Family Health Consortium,"North Brunswick, NJ",9
Energy Data Analyst,Energy Intelligence,"New York, NY  Murray Hill area",2
Entry Level Proposal Specialist/Data Analyst,Sunsolar Solutions Inc,"Peoria, AZ",4
IT Data Analyst,Silverton Mortgage,Remote,30
Data Analyst,FlowWest,"Remote in Sacramento, CA",30
Data Analyst,Cenergy International,"Spring, TX",2
Business Analyst,1Starr,Remote,5
Data Analyst Entry Level,PCS GLOBAL TECH,"Los Angeles, CA",2
Junior Data Analyst,Avalanche,Remote,5
Data Analyst Entry Level,PCS GLOBAL TECH,"Los Angeles, CA",3
Data Operations Analyst,Vendelux,Remote,2
Data Analyst,Slim Chickens,"Fayetteville, AR",2
Data Analyst,Microsoft,"Redmond, WA  Overlake area",16
Data Entry/Compliance Analyst,Latitude Inc,"Manassas, VA",4
Entry Level Data Analyst,Talentheed Inc,"San Jose, CA",5
Data Analyst,PRIMMA LLC,"Roslyn, NY",2
Entry Level - Data Analyst,General Motors,Remote in United States,5
Data Analyst Supporting the FBI,FSA Federal,"Linthicum, MD",18
Data Analyst,Agama Solutions,United States,2
Data Analyst Bootcamp,PCS Global Tech,"Dallas, TX",4
Data Processing Analyst,EnergyWatch Inc,Remote,4
Entry level Data Analyst/Python,Emonics,Remote,2
Data Analyst- Entry Level,AC Accounting,"Tampa, FL",4
Energy Analyst,Tesla,Remote,16
Junior level Data Analyst,TRESUME,"Ashburn, VA",0
Data Analyst,Disney Streaming,"New York, NY",22
"Data Analyst, Business Analysis and Reporting VIRTUAL/REMO...",Publix,"Remote in Lakeland, FL",26
Junior Data Analyst,Cobbs Creek Healthcare,"Newtown Square, PA",2
Healthcare Data Analyst,University of Connecticut,"Farmington, CT",30
Data Analyst - Store Ops & Analytics (Full Time Remote OR Hy...,TARGET,"Remote in Minneapolis, MN",9
Research Technician and Data Analyst,California State University,"Fresno, CA  Hoover area",2
Data Analyst-entry level,TRESUME,"Herndon, VA",3
Data Analyst- Full Time Role,Visionary Innovative Technology Solutions,"New York, NY",2
Data Analyst,Novuskin Med Spa,"Las Vegas, NV",1
Junior Data Analyst/ Entry Level position,PCS GLOBAL TECH,"Poway, CA",2
Data Analyst,Inrika Inc,"Township of South Brunswick, NJ",30
Data Analyst,CDC Foundation,"Hybrid remote in Pago Pago, AS",1
Data Analyst,UNIVERSITY OF SOUTH CAROLINA,"Columbia, SC",19
Entry - Junior Data Analyst - Onsite,Tier2Tek,"Delray Beach, FL",4
Data Analyst,VSOFT CORPORATION INC,"McLean, VA",3
Data Analyst,WEBTOON Entertainment,"Los Angeles, CA",8
Jr. Data Analyst,Colsh Tech,Remote,2
Data Analyst,Bronco Billy's Casino and Hotel,"Cripple Creek, CO",2
Data Analyst,Robert Half,"Houston, TX  Galleria-Uptown area",2
Junior Data Analyst,CCR Analytics,Remote,3
